<?xml version="1.0" encoding="UTF-8"?>
<actions>
        <action>
            <actionName>run</actionName>
            <packagings>
                <packaging>jar</packaging>
            </packagings>
            <goals>
                <goal>process-classes</goal>
                <goal>org.codehaus.mojo:exec-maven-plugin:1.5.0:exec</goal>
                
                
            </goals>
            <properties>
                <exec.args>-classpath %classpath com.msbd.manmon.ManMonApplication</exec.args>
                <exec.executable>java</exec.executable>
                <exec.workingdir>/home/shazid/Documents/rnd/ManMon/WebApplication/manmon.derby.socket/manmon</exec.workingdir>
            </properties>
        </action>
        <action>
            <actionName>debug</actionName>
            <packagings>
                <packaging>jar</packaging>
            </packagings>
            <goals>
                <goal>process-classes</goal>
                <goal>org.codehaus.mojo:exec-maven-plugin:1.5.0:exec</goal>
            </goals>
            <properties>
                <exec.args>-agentlib:jdwp=transport=dt_socket,server=n,address=${jpda.address} -classpath %classpath com.msbd.manmon.ManMonApplication</exec.args>
                <exec.executable>java</exec.executable>
                <jpda.listen>true</jpda.listen>
                <exec.workingdir>/home/shazid/Documents/rnd/ManMon/WebApplication/manmon.derby.socket/manmon</exec.workingdir>
            </properties>
        </action>
        <action>
            <actionName>profile</actionName>
            <packagings>
                <packaging>jar</packaging>
            </packagings>
            <goals>
                <goal>process-classes</goal>
                <goal>org.codehaus.mojo:exec-maven-plugin:1.5.0:exec</goal>
            </goals>
            <properties>
                <exec.args>-classpath %classpath com.msbd.manmon.ManMonApplication</exec.args>
                <exec.executable>java</exec.executable>
                <exec.workingdir>/home/shazid/Documents/rnd/ManMon/WebApplication/manmon.derby.socket/manmon</exec.workingdir>
            </properties>
        </action>
        <action>
            <actionName>build-with-dependencies</actionName>
            <reactor>also-make</reactor>
            <packagings>
                <packaging>*</packaging>
            </packagings>
            <goals>
                <goal>install</goal>
            </goals>
            <properties>
                <Env.JAVA_HOME>/usr/lib/jvm/jdk-14.0.1</Env.JAVA_HOME>
            </properties>
        </action>
    </actions>
